{
	"header" : 
	{
		"asg" : "java"
	},
	"nodes" : 
	[
		{
			"attributes" : 
			[
				{
					"context" : "attribute",
					"name" : "Name",
					"type" : "string",
					"value" : "<System>"
				},
				{
					"context" : "attribute",
					"name" : "LongName",
					"type" : "string",
					"value" : "<System>"
				},
				{
					"context" : "attribute",
					"name" : "ChangesetID",
					"type" : "string",
					"value" : ""
				},
				{
					"context" : "attribute",
					"name" : "AnalysisTime",
					"type" : "string",
					"value" : "now"
				},
				{
					"context" : "metric",
					"name" : "CCL",
					"type" : "int",
					"value" : 0
				},
				{
					"context" : "metric",
					"name" : "CCO",
					"type" : "int",
					"value" : 0
				},
				{
					"context" : "metric",
					"name" : "CEE",
					"type" : "float",
					"value" : 0.0
				},
				{
					"context" : "metric",
					"name" : "CEG",
					"type" : "string",
					"value" : "__INVALID__"
				},
				{
					"context" : "metric",
					"name" : "CI",
					"type" : "int",
					"value" : 0
				},
				{
					"context" : "metric",
					"name" : "LDC",
					"type" : "int",
					"value" : 0
				},
				{
					"context" : "metric",
					"name" : "LLDC",
					"type" : "int",
					"value" : 0
				},
				{
					"context" : "metric",
					"name" : "CC",
					"type" : "float",
					"value" : 0.0
				},
				{
					"context" : "metric",
					"name" : "CLLC",
					"type" : "float",
					"value" : 0.0
				},
				{
					"context" : "metric",
					"name" : "CLC",
					"type" : "float",
					"value" : 0.0
				},
				{
					"context" : "metric",
					"name" : "NCR",
					"type" : "string",
					"value" : "__INVALID__"
				},
				{
					"context" : "metric",
					"name" : "CR",
					"type" : "float",
					"value" : 0.0
				},
				{
					"context" : "metric",
					"name" : "PMD_SCN",
					"type" : "int",
					"value" : 130
				},
				{
					"context" : "metric",
					"name" : "PMD_FDSBASOC",
					"type" : "int",
					"value" : 10670
				},
				{
					"context" : "metric",
					"name" : "PMD_MSMINIC",
					"type" : "int",
					"value" : 21
				},
				{
					"context" : "metric",
					"name" : "PMD_PC",
					"type" : "int",
					"value" : 37
				},
				{
					"context" : "metric",
					"name" : "PMD_TMSI",
					"type" : "int",
					"value" : 1
				},
				{
					"context" : "metric",
					"name" : "PMD_UnI",
					"type" : "int",
					"value" : 11
				},
				{
					"context" : "metric",
					"name" : "PMD_JUTSIA",
					"type" : "int",
					"value" : 1
				},
				{
					"context" : "metric",
					"name" : "PMD_JUASIM",
					"type" : "int",
					"value" : 2
				},
				{
					"context" : "metric",
					"name" : "PMD_UQT",
					"type" : "int",
					"value" : 53
				},
				{
					"context" : "metric",
					"name" : "PMD_ODPL",
					"type" : "int",
					"value" : 4
				},
				{
					"context" : "metric",
					"name" : "PMD_SF",
					"type" : "int",
					"value" : 18
				},
				{
					"context" : "metric",
					"name" : "PMD_CCOM",
					"type" : "int",
					"value" : 6
				},
				{
					"context" : "metric",
					"name" : "PMD_UPF",
					"type" : "int",
					"value" : 7
				},
				{
					"context" : "metric",
					"name" : "PMD_UEM",
					"type" : "int",
					"value" : 2
				},
				{
					"context" : "metric",
					"name" : "PMD_DC",
					"type" : "int",
					"value" : 6
				},
				{
					"context" : "metric",
					"name" : "PMD_IF",
					"type" : "int",
					"value" : 8
				},
				{
					"context" : "metric",
					"name" : "PMD_LoC",
					"type" : "int",
					"value" : 5
				},
				{
					"context" : "metric",
					"name" : "PMD_UALIOV",
					"type" : "int",
					"value" : 1
				},
				{
					"context" : "metric",
					"name" : "PMD_ADL",
					"type" : "int",
					"value" : 5
				},
				{
					"context" : "metric",
					"name" : "PMD_ACNPE",
					"type" : "int",
					"value" : 1
				},
				{
					"context" : "metric",
					"name" : "PMD_ACGE",
					"type" : "int",
					"value" : 1
				},
				{
					"context" : "metric",
					"name" : "PMD_AFNMMN",
					"type" : "int",
					"value" : 1
				},
				{
					"context" : "metric",
					"name" : "PMD_UPM",
					"type" : "int",
					"value" : 2
				},
				{
					"context" : "metric",
					"name" : "PMD_CSB",
					"type" : "int",
					"value" : 5
				},
				{
					"context" : "metric",
					"name" : "PMD_UCC",
					"type" : "int",
					"value" : 4
				},
				{
					"context" : "metric",
					"name" : "PMD_ULWCC",
					"type" : "int",
					"value" : 13
				},
				{
					"context" : "metric",
					"name" : "PMD_CIS",
					"type" : "int",
					"value" : 1
				},
				{
					"context" : "metric",
					"name" : "PMD_SBR",
					"type" : "int",
					"value" : 1
				},
				{
					"context" : "metric",
					"name" : "PMD_APST",
					"type" : "int",
					"value" : 1
				},
				{
					"context" : "metric",
					"name" : "PMD_LFIC",
					"type" : "int",
					"value" : 1
				},
				{
					"context" : "metricgroup",
					"name" : "/general/Code Style Rules",
					"type" : "float",
					"value" : 10896.0
				},
				{
					"context" : "metricgroup",
					"name" : "/general/Error Prone Rules",
					"type" : "float",
					"value" : 51.0
				},
				{
					"context" : "metricgroup",
					"name" : "/general/Best Practice Rules",
					"type" : "float",
					"value" : 34.0
				},
				{
					"context" : "metricgroup",
					"name" : "/general/Design Rules",
					"type" : "float",
					"value" : 35.0
				},
				{
					"context" : "metricgroup",
					"name" : "/general/Documentation Rules",
					"type" : "float",
					"value" : 2.0
				},
				{
					"context" : "metricgroup",
					"name" : "/general/Performance Rules",
					"type" : "float",
					"value" : 1.0
				},
				{
					"context" : "metric",
					"name" : "TLLOC",
					"type" : "int",
					"value" : 17003
				},
				{
					"context" : "metric",
					"name" : "TLOC",
					"type" : "int",
					"value" : 36941
				},
				{
					"context" : "metric",
					"name" : "TAD",
					"type" : "float",
					"value" : 0.2539370059967041
				},
				{
					"context" : "metric",
					"name" : "TNCL",
					"type" : "int",
					"value" : 406
				},
				{
					"context" : "metric",
					"name" : "TNEN",
					"type" : "int",
					"value" : 0
				},
				{
					"context" : "metric",
					"name" : "TNFI",
					"type" : "int",
					"value" : 90
				},
				{
					"context" : "metric",
					"name" : "TNG",
					"type" : "int",
					"value" : 29
				},
				{
					"context" : "metric",
					"name" : "TNIN",
					"type" : "int",
					"value" : 0
				},
				{
					"context" : "metric",
					"name" : "TNM",
					"type" : "int",
					"value" : 502
				},
				{
					"context" : "metric",
					"name" : "TNOS",
					"type" : "int",
					"value" : 500
				},
				{
					"context" : "metric",
					"name" : "TNPCL",
					"type" : "int",
					"value" : 401
				},
				{
					"context" : "metric",
					"name" : "TNPEN",
					"type" : "int",
					"value" : 0
				},
				{
					"context" : "metric",
					"name" : "TNPIN",
					"type" : "int",
					"value" : 0
				},
				{
					"context" : "metric",
					"name" : "TNPKG",
					"type" : "int",
					"value" : 75
				},
				{
					"context" : "metric",
					"name" : "TNPM",
					"type" : "int",
					"value" : 116
				},
				{
					"context" : "metric",
					"name" : "TNS",
					"type" : "int",
					"value" : 32
				},
				{
					"context" : "metric",
					"name" : "TPDA",
					"type" : "int",
					"value" : 129
				},
				{
					"context" : "metric",
					"name" : "TPUA",
					"type" : "int",
					"value" : 379
				},
				{
					"context" : "metric",
					"name" : "TCLOC",
					"type" : "int",
					"value" : 18951
				},
				{
					"context" : "metric",
					"name" : "TNDI",
					"type" : "int",
					"value" : 108
				},
				{
					"context" : "metric",
					"name" : "WarningBlocker",
					"type" : "int",
					"value" : 0
				},
				{
					"context" : "metric",
					"name" : "WarningCritical",
					"type" : "int",
					"value" : 21
				},
				{
					"context" : "metric",
					"name" : "WarningMajor",
					"type" : "int",
					"value" : 41
				},
				{
					"context" : "metric",
					"name" : "WarningMinor",
					"type" : "int",
					"value" : 10957
				},
				{
					"context" : "metric",
					"name" : "WarningInfo",
					"type" : "int",
					"value" : 0
				}
			],
			"name" : "L102",
			"type" : "Component"
		}
	]
}